ID,Timeframe,Position,Entry,Stop Loss,Take Profit 1,Take Profit 2,Status,Open Time,Close Time,Pips,Profit USD
"M1-1780494600000-01M2","M1","SELL",4475.1,4480.1,4470.1,4463.1,"TP1","2026-06-03T13:50:00.000Z","2026-06-03T13:51:00.000Z",50,50
"M1-1780494300000-Z6HL","M1","SELL",4460.95,4465.95,4455.95,4448.95,"SL","2026-06-03T13:45:00.000Z","2026-06-03T13:49:00.000Z",-50,-50
"M5-1780494000000-QRJO","M5","SELL",4456.92,4464.92,4446.92,4436.92,"SL","2026-06-03T13:40:00.000Z","2026-06-03T13:45:00.000Z",-80,-160
"M1-1780494180000-BDUU","M1","SELL",4463.47,4468.47,4458.47,4451.47,"TP1","2026-06-03T13:43:00.000Z","2026-06-03T13:44:00.000Z",50,50
"M1-1780493580000-12EY","M1","SELL",4476.4,4481.4,4471.4,4464.4,"TP2","2026-06-03T13:33:00.000Z","2026-06-03T13:42:00.000Z",120,120
"M5-1780493400000-YFEJ","M5","SELL",4488,4496,4478,4468,"TP1","2026-06-03T13:30:00.000Z","2026-06-03T13:35:00.000Z",100,200
"M1-1780493460000-P8R6","M1","SELL",4484.2,4489.2,4479.2,4472.2,"TP1","2026-06-03T13:31:00.000Z","2026-06-03T13:32:00.000Z",50,50
"M1-1780493160000-O088","M1","SELL",4476.34,4481.34,4471.34,4464.34,"SL","2026-06-03T13:26:00.000Z","2026-06-03T13:30:00.000Z",-50,-50
"M15-1780481700000-AAMU","M15","SELL",4482.5,4497.5,4467.5,4447.5,"TP1","2026-06-03T10:15:00.000Z","2026-06-03T13:30:00.000Z",150,750
"M1-1780493040000-ULOH","M1","SELL",4484.2,4489.2,4479.2,4472.2,"TP1","2026-06-03T13:24:00.000Z","2026-06-03T13:25:00.000Z",50,50
"M5-1780492800000-42BJ","M5","SELL",4488,4496,4478,4468,"TP1","2026-06-03T13:20:00.000Z","2026-06-03T13:25:00.000Z",100,200
"M1-1780492860000-0Y54","M1","SELL",4484.2,4489.2,4479.2,4472.2,"TP1","2026-06-03T13:21:00.000Z","2026-06-03T13:23:00.000Z",50,50
"M1-1780492740000-K5RP","M1","SELL",4489.9,4494.9,4484.9,4477.9,"TP1","2026-06-03T13:19:00.000Z","2026-06-03T13:20:00.000Z",50,50
"M1-1780492620000-GQVN","M1","SELL",4489.9,4494.9,4484.9,4477.9,"TP1","2026-06-03T13:17:00.000Z","2026-06-03T13:18:00.000Z",50,50
"M1-1780492260000-O6UB","M1","BUY",4492.5,4487.5,4497.5,4504.5,"SL","2026-06-03T13:11:00.000Z","2026-06-03T13:16:00.000Z",-50,-50
"M5-1780491900000-3RKX","M5","BUY",4495.6,4487.6,4505.6,4515.6,"SL","2026-06-03T13:05:00.000Z","2026-06-03T13:15:00.000Z",-80,-160
"M1-1780492080000-3BZJ","M1","BUY",4489,4484,4494,4501,"TP1","2026-06-03T13:08:00.000Z","2026-06-03T13:10:00.000Z",50,50
"M1-1780491840000-MFLB","M1","BUY",4489,4484,4494,4501,"TP1","2026-06-03T13:04:00.000Z","2026-06-03T13:07:00.000Z",50,50
"M1-1780491300000-5WXI","M1","BUY",4487.5,4482.5,4492.5,4499.5,"TP1","2026-06-03T12:55:00.000Z","2026-06-03T13:03:00.000Z",50,50
"M5-1780491300000-ZFP4","M5","BUY",4482,4474,4492,4502,"TP1","2026-06-03T12:55:00.000Z","2026-06-03T13:00:00.000Z",100,200
"M1-1780491060000-AWHG","M1","BUY",4494.41,4489.41,4499.41,4506.41,"SL","2026-06-03T12:51:00.000Z","2026-06-03T12:54:00.000Z",-50,-50
"M1-1780490520000-56TK","M1","SELL",4485.6,4490.6,4480.6,4473.6,"SL","2026-06-03T12:42:00.000Z","2026-06-03T12:50:00.000Z",-50,-50
"M5-1780489800000-WT0A","M5","SELL",4484.1,4492.1,4474.1,4464.1,"SL","2026-06-03T12:30:00.000Z","2026-06-03T12:50:00.000Z",-80,-160
"M1-1780490280000-EZPE","M1","SELL",4478.8,4483.8,4473.8,4466.8,"SL","2026-06-03T12:38:00.000Z","2026-06-03T12:41:00.000Z",-50,-50
"M1-1780490160000-RREM","M1","SELL",4482.9,4487.9,4477.9,4470.9,"TP1","2026-06-03T12:36:00.000Z","2026-06-03T12:37:00.000Z",50,50
"M1-1780490040000-ZZM3","M1","SELL",4482.9,4487.9,4477.9,4470.9,"TP1","2026-06-03T12:34:00.000Z","2026-06-03T12:35:00.000Z",50,50
"M1-1780489800000-X65T","M1","SELL",4485.6,4490.6,4480.6,4473.6,"TP1","2026-06-03T12:30:00.000Z","2026-06-03T12:33:00.000Z",50,50
"M1-1780489680000-DNHA","M1","SELL",4485.6,4490.6,4480.6,4473.6,"TP1","2026-06-03T12:28:00.000Z","2026-06-03T12:29:00.000Z",50,50
"M1-1780488540000-21OA","M1","SELL",4487.19,4492.19,4482.19,4475.19,"TP1","2026-06-03T12:09:00.000Z","2026-06-03T12:27:00.000Z",50,50
"M5-1780485000000-7KD1","M5","BUY",4489.7,4481.7,4499.7,4509.7,"SL","2026-06-03T11:10:00.000Z","2026-06-03T12:25:00.000Z",-80,-160
"M1-1780487220000-85TR","M1","SELL",4492.3,4497.3,4487.3,4480.3,"TP1","2026-06-03T11:47:00.000Z","2026-06-03T12:08:00.000Z",50,50
"M1-1780484580000-DS54","M1","BUY",4492.23,4487.23,4497.23,4504.23,"SL","2026-06-03T11:03:00.000Z","2026-06-03T11:46:00.000Z",-50,-50
"M5-1780483500000-64M3","M5","SELL",4487.2,4495.2,4477.2,4467.2,"SL","2026-06-03T10:45:00.000Z","2026-06-03T11:05:00.000Z",-80,-160
"M1-1780483380000-G3EA","M1","SELL",4484.72,4489.72,4479.72,4472.72,"SL","2026-06-03T10:43:00.000Z","2026-06-03T11:02:00.000Z",-50,-50
"M1-1780482660000-8YRL","M1","BUY",4489.6,4484.6,4494.6,4501.6,"SL","2026-06-03T10:31:00.000Z","2026-06-03T10:42:00.000Z",-50,-50
"M5-1780482600000-OVJR","M5","BUY",4492.3,4484.3,4502.3,4512.3,"SL","2026-06-03T10:30:00.000Z","2026-06-03T10:40:00.000Z",-80,-160
"M1-1780482300000-NWZT","M1","BUY",4484.76,4479.76,4489.76,4496.76,"TP1","2026-06-03T10:25:00.000Z","2026-06-03T10:30:00.000Z",50,50
"M5-1780481400000-MF3P","M5","BUY",4490.29,4482.29,4500.29,4510.29,"SL","2026-06-03T10:10:00.000Z","2026-06-03T10:25:00.000Z",-80,-160
"M1-1780481280000-02BB","M1","BUY",4489.64,4484.64,4494.64,4501.64,"SL","2026-06-03T10:08:00.000Z","2026-06-03T10:24:00.000Z",-50,-50
"M1-1780481160000-LC0J","M1","BUY",4484.1,4479.1,4489.1,4496.1,"TP1","2026-06-03T10:06:00.000Z","2026-06-03T10:07:00.000Z",50,50
"M1-1780481040000-U62W","M1","BUY",4475.75,4470.75,4480.75,4487.75,"TP1","2026-06-03T10:04:00.000Z","2026-06-03T10:05:00.000Z",50,50
"M5-1780480800000-0RM7","M5","SELL",4479.8,4487.8,4469.8,4459.8,"SL","2026-06-03T10:00:00.000Z","2026-06-03T10:05:00.000Z",-80,-160
"M1-1780480680000-UWIO","M1","SELL",4470.34,4475.34,4465.34,4458.34,"SL","2026-06-03T09:58:00.000Z","2026-06-03T10:03:00.000Z",-50,-50
"M15-1780479000000-824T","M15","SELL",4470.2,4485.2,4455.2,4435.2,"SL","2026-06-03T09:30:00.000Z","2026-06-03T10:00:00.000Z",-150,-750
"M1-1780479540000-1NJW","M1","SELL",4476.2,4481.2,4471.2,4464.2,"TP1","2026-06-03T09:39:00.000Z","2026-06-03T09:57:00.000Z",50,50
"M5-1780479600000-3AZS","M5","SELL",4479.8,4487.8,4469.8,4459.8,"TP1","2026-06-03T09:40:00.000Z","2026-06-03T09:55:00.000Z",100,200
"M1-1780479000000-IW1A","M1","SELL",4470.26,4475.26,4465.26,4458.26,"SL","2026-06-03T09:30:00.000Z","2026-06-03T09:38:00.000Z",-50,-50
"M5-1780479000000-WFMR","M5","SELL",4479.8,4487.8,4469.8,4459.8,"TP1","2026-06-03T09:30:00.000Z","2026-06-03T09:35:00.000Z",100,200
"M1-1780478700000-0TNI","M1","SELL",4477.9,4482.9,4472.9,4465.9,"TP1","2026-06-03T09:25:00.000Z","2026-06-03T09:29:00.000Z",50,50
"M5-1780477500000-RJ6M","M5","SELL",4483.5,4491.5,4473.5,4463.5,"TP1","2026-06-03T09:05:00.000Z","2026-06-03T09:25:00.000Z",100,200
"M1-1780478280000-9N1W","M1","SELL",4481.6,4486.6,4476.6,4469.6,"TP1","2026-06-03T09:18:00.000Z","2026-06-03T09:24:00.000Z",50,50
"M1-1780478160000-CH5H","M1","SELL",4481.6,4486.6,4476.6,4469.6,"TP1","2026-06-03T09:16:00.000Z","2026-06-03T09:17:00.000Z",50,50
"M1-1780477440000-2UON","M1","SELL",4483.7,4488.7,4478.7,4471.7,"TP1","2026-06-03T09:04:00.000Z","2026-06-03T09:15:00.000Z",50,50
"M15-1780474500000-KPPC","M15","SELL",4482.5,4497.5,4467.5,4447.5,"TP1","2026-06-03T08:15:00.000Z","2026-06-03T09:15:00.000Z",150,750
"M1-1780477140000-7D2W","M1","SELL",4471,4476,4466,4459,"SL","2026-06-03T08:59:00.000Z","2026-06-03T09:03:00.000Z",-50,-50
"M5-1780476900000-ATLX","M5","SELL",4483.5,4491.5,4473.5,4463.5,"TP1","2026-06-03T08:55:00.000Z","2026-06-03T09:00:00.000Z",100,200
"M1-1780476720000-E59Q","M1","SELL",4475.24,4480.24,4470.24,4463.24,"TP1","2026-06-03T08:52:00.000Z","2026-06-03T08:58:00.000Z",50,50
"M1-1780473480000-6JLT","M1","SELL",4482.92,4487.92,4477.92,4470.92,"TP2","2026-06-03T07:58:00.000Z","2026-06-03T08:51:00.000Z",120,120
"M5-1780473900000-PFM3","M5","SELL",4487,4495,4477,4467,"TP1","2026-06-03T08:05:00.000Z","2026-06-03T08:50:00.000Z",100,200
"M15-1780464600000-RUMZ","M15","SELL",4495.4,4510.4,4480.4,4460.4,"TP1","2026-06-03T05:30:00.000Z","2026-06-03T08:00:00.000Z",150,750
"M5-1780470600000-U05G","M5","BUY",4488.9,4480.9,4498.9,4508.9,"SL","2026-06-03T07:10:00.000Z","2026-06-03T08:00:00.000Z",-80,-160
"M1-1780472820000-OISE","M1","SELL",4488.2,4493.2,4483.2,4476.2,"TP1","2026-06-03T07:47:00.000Z","2026-06-03T07:57:00.000Z",50,50
"M1-1780472580000-B1BE","M1","SELL",4489.08,4494.08,4484.08,4477.08,"TP1","2026-06-03T07:43:00.000Z","2026-06-03T07:46:00.000Z",50,50
"M1-1780471860000-8CLO","M1","SELL",4487.9,4492.9,4482.9,4475.9,"TP1","2026-06-03T07:31:00.000Z","2026-06-03T07:42:00.000Z",50,50
"M1-1780471560000-PEJ2","M1","SELL",4487.78,4492.78,4482.78,4475.78,"TP1","2026-06-03T07:26:00.000Z","2026-06-03T07:30:00.000Z",50,50
"M1-1780471440000-HY31","M1","SELL",4495.8,4500.8,4490.8,4483.8,"TP1","2026-06-03T07:24:00.000Z","2026-06-03T07:25:00.000Z",50,50
"M1-1780471320000-KW1U","M1","SELL",4495.8,4500.8,4490.8,4483.8,"TP1","2026-06-03T07:22:00.000Z","2026-06-03T07:23:00.000Z",50,50
"M1-1780471200000-Y9AY","M1","SELL",4495.8,4500.8,4490.8,4483.8,"TP1","2026-06-03T07:20:00.000Z","2026-06-03T07:21:00.000Z",50,50
"M1-1780470660000-QXZY","M1","BUY",4498.42,4493.42,4503.42,4510.42,"SL","2026-06-03T07:11:00.000Z","2026-06-03T07:19:00.000Z",-50,-50
"M1-1780470240000-7D5M","M1","BUY",4493.29,4488.29,4498.29,4505.29,"TP1","2026-06-03T07:04:00.000Z","2026-06-03T07:10:00.000Z",50,50
"M5-1780469400000-AFP7","M5","SELL",4487.3,4495.3,4477.3,4467.3,"SL","2026-06-03T06:50:00.000Z","2026-06-03T07:05:00.000Z",-80,-160
"M1-1780469280000-XKPH","M1","SELL",4489.3,4494.3,4484.3,4477.3,"SL","2026-06-03T06:48:00.000Z","2026-06-03T07:03:00.000Z",-50,-50
"M1-1780469160000-1C7A","M1","SELL",4489.3,4494.3,4484.3,4477.3,"TP1","2026-06-03T06:46:00.000Z","2026-06-03T06:47:00.000Z",50,50
"M1-1780467840000-OMHS","M1","SELL",4489.36,4494.36,4484.36,4477.36,"TP1","2026-06-03T06:24:00.000Z","2026-06-03T06:45:00.000Z",50,50
"M5-1780464900000-WHHM","M5","SELL",4493.9,4501.9,4483.9,4473.9,"TP1","2026-06-03T05:35:00.000Z","2026-06-03T06:45:00.000Z",100,200
"M1-1780467540000-MVWS","M1","BUY",4495.3,4490.3,4500.3,4507.3,"SL","2026-06-03T06:19:00.000Z","2026-06-03T06:23:00.000Z",-50,-50
"M1-1780467000000-FEDQ","M1","BUY",4492.7,4487.7,4497.7,4504.7,"TP1","2026-06-03T06:10:00.000Z","2026-06-03T06:18:00.000Z",50,50
"M1-1780466640000-ZQIL","M1","BUY",4490.1,4485.1,4495.1,4502.1,"TP1","2026-06-03T06:04:00.000Z","2026-06-03T06:09:00.000Z",50,50
"M1-1780466400000-K5MF","M1","SELL",4490.5,4495.5,4485.5,4478.5,"SL","2026-06-03T06:00:00.000Z","2026-06-03T06:03:00.000Z",-50,-50
"M1-1780466280000-FODU","M1","SELL",4490.5,4495.5,4485.5,4478.5,"TP1","2026-06-03T05:58:00.000Z","2026-06-03T05:59:00.000Z",50,50
"M1-1780465380000-FHOR","M1","SELL",4493.9,4498.9,4488.9,4481.9,"TP1","2026-06-03T05:43:00.000Z","2026-06-03T05:57:00.000Z",50,50
"M1-1780464900000-AKOZ","M1","SELL",4495.5,4500.5,4490.5,4483.5,"TP1","2026-06-03T05:35:00.000Z","2026-06-03T05:42:00.000Z",50,50
"M1-1780464660000-AQEY","M1","SELL",4488.2,4493.2,4483.2,4476.2,"SL","2026-06-03T05:31:00.000Z","2026-06-03T05:34:00.000Z",-50,-50
"M1-1780462560000-IUBN","M1","SELL",4498.8,4503.8,4493.8,4486.8,"TP1","2026-06-03T04:56:00.000Z","2026-06-03T05:30:00.000Z",50,50
"M5-1780461600000-LUGL","M5","SELL",4501.88,4509.88,4491.88,4481.88,"TP1","2026-06-03T04:40:00.000Z","2026-06-03T05:30:00.000Z",100,200
"M15-1780451100000-REU0","M15","SELL",4509.5,4524.5,4494.5,4474.5,"TP1","2026-06-03T01:45:00.000Z","2026-06-03T05:15:00.000Z",150,750
"M1-1780461120000-XFUW","M1","SELL",4502.6,4507.35,4497.6,4490.6,"TP1","2026-06-03T04:32:00.000Z","2026-06-03T04:55:00.000Z",50,50
"M5-1780455900000-68NQ","M5","BUY",4507.5,4499.5,4517.5,4527.5,"SL","2026-06-03T03:05:00.000Z","2026-06-03T04:35:00.000Z",-80,-160
"M1-1780460880000-2N7M","M1","SELL",4509,4514,4504,4497,"TP1","2026-06-03T04:28:00.000Z","2026-06-03T04:31:00.000Z",50,50
"M1-1780455780000-G89K","M1","BUY",4512.1,4507.1,4517.1,4524.1,"SL","2026-06-03T03:03:00.000Z","2026-06-03T04:27:00.000Z",-50,-50
"M1-1780455660000-AOQI","M1","BUY",4507.8,4502.8,4512.8,4519.8,"TP1","2026-06-03T03:01:00.000Z","2026-06-03T03:02:00.000Z",50,50
"M1-1780455300000-9PVZ","M1","BUY",4507,4502,4512,4519,"TP1","2026-06-03T02:55:00.000Z","2026-06-03T03:00:00.000Z",50,50
"M5-1780454700000-Q909","M5","SELL",4506,4514,4496,4486,"SL","2026-06-03T02:45:00.000Z","2026-06-03T03:00:00.000Z",-80,-160
"M1-1780454760000-JJII","M1","SELL",4501.73,4506.73,4496.73,4489.73,"SL","2026-06-03T02:46:00.000Z","2026-06-03T02:54:00.000Z",-50,-50
"M1-1780454520000-1IS3","M1","BUY",4509.1,4504.1,4514.1,4521.1,"SL","2026-06-03T02:42:00.000Z","2026-06-03T02:45:00.000Z",-50,-50
"M1-1780452900000-V6QU","M1","BUY",4507,4502,4512,4519,"TP1","2026-06-03T02:15:00.000Z","2026-06-03T02:41:00.000Z",50,50
"M5-1780451400000-N1MI","M5","SELL",4503.58,4511.58,4493.58,4483.58,"SL","2026-06-03T01:50:00.000Z","2026-06-03T02:40:00.000Z",-80,-160
"M1-1780451520000-AWD8","M1","BUY",4504.1,4499.1,4509.1,4516.1,"TP1","2026-06-03T01:52:00.000Z","2026-06-03T02:14:00.000Z",50,50
"M1-1780451220000-87MR","M1","BUY",4499.3,4494.3,4504.3,4511.3,"TP1","2026-06-03T01:47:00.000Z","2026-06-03T01:51:00.000Z",50,50
"M1-1780450860000-DMQV","M1","SELL",4496.4,4501.4,4491.4,4484.4,"SL","2026-06-03T01:41:00.000Z","2026-06-03T01:46:00.000Z",-50,-50
"M5-1780450200000-6U4U","M5","SELL",4495.1,4503.1,4485.1,4475.1,"SL","2026-06-03T01:30:00.000Z","2026-06-03T01:45:00.000Z",-80,-160
"M1-1780450140000-TQQU","M1","SELL",4497.9,4502.9,4492.9,4485.9,"TP1","2026-06-03T01:29:00.000Z","2026-06-03T01:40:00.000Z",50,50
"M15-1780449300000-OE2E","M15","SELL",4509.5,4524.5,4494.5,4474.5,"TP1","2026-06-03T01:15:00.000Z","2026-06-03T01:30:00.000Z",150,750
"M1-1780449960000-YA1Y","M1","SELL",4497.9,4502.9,4492.9,4485.9,"TP1","2026-06-03T01:26:00.000Z","2026-06-03T01:28:00.000Z",50,50
"M1-1780449840000-BP4E","M1","SELL",4497.9,4502.9,4492.9,4485.9,"TP1","2026-06-03T01:24:00.000Z","2026-06-03T01:25:00.000Z",50,50
"M5-1780448700000-HXCC","M5","SELL",4503.37,4511.37,4493.37,4483.37,"TP1","2026-06-03T01:05:00.000Z","2026-06-03T01:25:00.000Z",100,200
"M1-1780449720000-RML6","M1","SELL",4503.4,4508.4,4498.4,4491.4,"TP1","2026-06-03T01:22:00.000Z","2026-06-03T01:23:00.000Z",50,50
"M1-1780449600000-4KX7","M1","SELL",4503.4,4508.4,4498.4,4491.4,"TP1","2026-06-03T01:20:00.000Z","2026-06-03T01:21:00.000Z",50,50
"M1-1780449480000-OJDZ","M1","SELL",4503.4,4508.4,4498.4,4491.4,"TP1","2026-06-03T01:18:00.000Z","2026-06-03T01:19:00.000Z",50,50
"M1-1780449360000-RYSP","M1","SELL",4503.4,4508.4,4498.4,4491.4,"TP1","2026-06-03T01:16:00.000Z","2026-06-03T01:17:00.000Z",50,50
"M1-1780449240000-8C5L","M1","SELL",4503.4,4508.4,4498.4,4491.4,"TP1","2026-06-03T01:14:00.000Z","2026-06-03T01:15:00.000Z",50,50
"M1-1780449060000-IYSJ","M1","SELL",4503.4,4508.4,4498.4,4491.4,"TP1","2026-06-03T01:11:00.000Z","2026-06-03T01:13:00.000Z",50,50
"M1-1780448880000-SQF4","M1","SELL",4499,4504,4494,4487,"SL","2026-06-03T01:08:00.000Z","2026-06-03T01:10:00.000Z",-50,-50
"M1-1780448760000-A90I","M1","SELL",4503.4,4508.4,4498.4,4491.4,"TP1","2026-06-03T01:06:00.000Z","2026-06-03T01:07:00.000Z",50,50
"M1-1780448520000-50IA","M1","SELL",4505.02,4510.02,4500.02,4493.02,"TP1","2026-06-03T01:02:00.000Z","2026-06-03T01:05:00.000Z",50,50
"M1-1780448400000-76X8","M1","SELL",4509.91,4514.91,4504.91,4497.91,"TP1","2026-06-03T01:00:00.000Z","2026-06-03T01:01:00.000Z",50,50
"M15-1780447500000-HPX1","M15","SELL",4530.8,4545.8,4515.8,4495.8,"TP2","2026-06-03T00:45:00.000Z","2026-06-03T01:00:00.000Z",350,1750
"M5-1780447500000-VORP","M5","BUY",4518.43,4510.43,4528.43,4538.43,"SL","2026-06-03T00:45:00.000Z","2026-06-03T01:00:00.000Z",-80,-160
"M1-1780447740000-CMM1","M1","BUY",4519.03,4514.03,4524.03,4531.03,"SL","2026-06-03T00:49:00.000Z","2026-06-03T00:59:00.000Z",-50,-50
"M1-1780447380000-BTB7","M1","BUY",4522.83,4517.83,4527.83,4534.83,"SL","2026-06-03T00:43:00.000Z","2026-06-03T00:48:00.000Z",-50,-50
"M1-1780447140000-VBW3","M1","BUY",4519.9,4514.9,4524.9,4531.9,"TP1","2026-06-03T00:39:00.000Z","2026-06-03T00:42:00.000Z",50,50
"M5-1780446000000-APMV","M5","SELL",4512.9,4520.9,4502.9,4492.9,"SL","2026-06-03T00:20:00.000Z","2026-06-03T00:40:00.000Z",-80,-160
"M1-1780446960000-U5G8","M1","BUY",4510.8,4505.8,4515.8,4522.8,"TP1","2026-06-03T00:36:00.000Z","2026-06-03T00:38:00.000Z",50,50
"M1-1780446540000-I191","M1","BUY",4510.96,4505.96,4515.96,4522.96,"TP1","2026-06-03T00:29:00.000Z","2026-06-03T00:35:00.000Z",50,50
"M15-1780442100000-N3J8","M15","SELL",4496.95,4511.95,4481.95,4461.95,"SL","2026-06-02T23:15:00.000Z","2026-06-03T00:30:00.000Z",-150,-750
"M1-1780444860000-DZVM","M1","BUY",4506.39,4501.39,4511.39,4518.39,"TP1","2026-06-03T00:01:00.000Z","2026-06-03T00:28:00.000Z",50,50
"M5-1780445400000-FB6S","M5","SELL",4512.9,4520.9,4502.9,4492.9,"TP1","2026-06-03T00:10:00.000Z","2026-06-03T00:15:00.000Z",100,200
"M5-1780442100000-41MF","M5","SELL",4499.82,4507.82,4489.82,4479.82,"SL","2026-06-02T23:15:00.000Z","2026-06-03T00:05:00.000Z",-80,-160
"M1-1780443900000-GN8O","M1","SELL",4502,4507,4497,4490,"SL","2026-06-02T23:45:00.000Z","2026-06-03T00:00:00.000Z",-50,-50
"M1-1780443660000-RA0M","M1","SELL",4498.1,4503.1,4493.1,4486.1,"SL","2026-06-02T23:41:00.000Z","2026-06-02T23:44:00.000Z",-50,-50
"M1-1780443420000-RVSB","M1","SELL",4498.1,4503.1,4493.1,4486.1,"TP1","2026-06-02T23:37:00.000Z","2026-06-02T23:40:00.000Z",50,50
"M1-1780443240000-NAPU","M1","SELL",4490.6,4495.6,4485.6,4478.6,"SL","2026-06-02T23:34:00.000Z","2026-06-02T23:36:00.000Z",-50,-50
"M1-1780443060000-FM8Z","M1","SELL",4490.6,4495.6,4485.6,4478.6,"SL","2026-06-02T23:31:00.000Z","2026-06-02T23:33:00.000Z",-50,-50
"M1-1780442940000-M0A7","M1","SELL",4498.1,4503.1,4493.1,4486.1,"TP1","2026-06-02T23:29:00.000Z","2026-06-02T23:30:00.000Z",50,50
"M1-1780442520000-HYCC","M1","SELL",4498.1,4503.1,4493.1,4486.1,"TP1","2026-06-02T23:22:00.000Z","2026-06-02T23:28:00.000Z",50,50
"M1-1780442400000-SEFE","M1","SELL",4502,4507,4497,4490,"TP1","2026-06-02T23:20:00.000Z","2026-06-02T23:21:00.000Z",50,50
"M1-1780442280000-Y0Z5","M1","SELL",4505.51,4510.51,4500.51,4493.51,"TP1","2026-06-02T23:18:00.000Z","2026-06-02T23:19:00.000Z",50,50
"M1-1780442040000-77RD","M1","SELL",4506.89,4511.89,4501.89,4494.89,"TP1","2026-06-02T23:14:00.000Z","2026-06-02T23:17:00.000Z",50,50
"M1-1780441860000-5BJD","M1","SELL",4508.98,4513.98,4503.98,4496.98,"TP1","2026-06-02T23:11:00.000Z","2026-06-02T23:13:00.000Z",50,50
"M1-1780441740000-P9NP","M1","SELL",4515.8,4520.8,4510.8,4503.8,"TP1","2026-06-02T23:09:00.000Z","2026-06-02T23:10:00.000Z",50,50
"M5-1780425900000-NY8I","M5","SELL",4516.69,4524.69,4506.69,4496.69,"TP1","2026-06-02T18:45:00.000Z","2026-06-02T23:10:00.000Z",100,200
"M1-1780441440000-YV64","M1","SELL",4515.8,4520.8,4510.8,4503.8,"TP1","2026-06-02T23:04:00.000Z","2026-06-02T23:08:00.000Z",50,50
"M1-1780440360000-JGPI","M1","SELL",4517.6,4522.6,4512.6,4505.6,"TP1","2026-06-02T22:46:00.000Z","2026-06-02T23:03:00.000Z",50,50
"M15-1780421400000-07LP","M15","SELL",4518.5,4533.5,4503.5,4483.5,"TP1","2026-06-02T17:30:00.000Z","2026-06-02T23:00:00.000Z",150,750
"M1-1780426200000-XPPI","M1","BUY",4517.91,4512.91,4522.91,4529.91,"SL","2026-06-02T18:50:00.000Z","2026-06-02T22:45:00.000Z",-50,-50
"M1-1780425720000-M5QP","M1","SELL",4510.59,4515.59,4505.59,4498.59,"SL","2026-06-02T18:42:00.000Z","2026-06-02T18:49:00.000Z",-50,-50
"M1-1780425540000-U51A","M1","SELL",4517.4,4522.4,4512.4,4505.4,"TP1","2026-06-02T18:39:00.000Z","2026-06-02T18:41:00.000Z",50,50
"M5-1780420800000-G1YW","M5","SELL",4518.44,4526.44,4508.44,4498.44,"TP1","2026-06-02T17:20:00.000Z","2026-06-02T18:40:00.000Z",100,200
"M1-1780424820000-IXTL","M1","BUY",4519.76,4514.76,4524.76,4531.76,"SL","2026-06-02T18:27:00.000Z","2026-06-02T18:38:00.000Z",-50,-50
"M1-1780421820000-4YX6","M1","SELL",4514.69,4519.69,4509.69,4502.69,"SL","2026-06-02T17:37:00.000Z","2026-06-02T18:26:00.000Z",-50,-50
"M1-1780417740000-3C67","M1","SELL",4520.07,4525.07,4515.07,4508.07,"TP1","2026-06-02T16:29:00.000Z","2026-06-02T17:36:00.000Z",50,50
"M15-1780417800000-VPDU","M15","SELL",4530.8,4545.8,4515.8,4495.8,"TP1","2026-06-02T16:30:00.000Z","2026-06-02T17:15:00.000Z",150,750
"M5-1780420200000-1WQW","M5","SELL",4527.6,4535.6,4517.6,4507.6,"TP1","2026-06-02T17:10:00.000Z","2026-06-02T17:15:00.000Z",100,200
"M5-1780418400000-UTKS","M5","SELL",4527.6,4535.6,4517.6,4507.6,"TP1","2026-06-02T16:40:00.000Z","2026-06-02T17:05:00.000Z",100,200
"M5-1780417500000-M1J3","M5","SELL",4527.6,4535.6,4517.6,4507.6,"TP1","2026-06-02T16:25:00.000Z","2026-06-02T16:35:00.000Z",100,200
"M1-1780417620000-4Z2Z","M1","SELL",4525.1,4530.1,4520.1,4513.1,"TP1","2026-06-02T16:27:00.000Z","2026-06-02T16:28:00.000Z",50,50
"M1-1780417200000-JL98","M1","SELL",4525.1,4530.1,4520.1,4513.1,"TP1","2026-06-02T16:20:00.000Z","2026-06-02T16:26:00.000Z",50,50
"M5-1780410600000-H286","M5","SELL",4532.2,4540.2,4522.2,4512.2,"TP1","2026-06-02T14:30:00.000Z","2026-06-02T16:20:00.000Z",100,200
"M1-1780416960000-AT7Y","M1","SELL",4528.4,4533.4,4523.4,4516.4,"TP1","2026-06-02T16:16:00.000Z","2026-06-02T16:19:00.000Z",50,50
"M1-1780416420000-M4CF","M1","SELL",4530.9,4535.9,4525.9,4518.9,"TP1","2026-06-02T16:07:00.000Z","2026-06-02T16:15:00.000Z",50,50
"M15-1780407900000-D8CQ","M15","SELL",4533.64,4548.64,4518.64,4498.64,"TP1","2026-06-02T13:45:00.000Z","2026-06-02T16:15:00.000Z",150,750
"M1-1780414680000-I9CA","M1","BUY",4532.8,4527.8,4537.8,4544.8,"SL","2026-06-02T15:38:00.000Z","2026-06-02T16:06:00.000Z",-50,-50
"M1-1780414560000-QUN3","M1","BUY",4532.8,4527.8,4537.8,4544.8,"TP1","2026-06-02T15:36:00.000Z","2026-06-02T15:37:00.000Z",50,50
"M1-1780411680000-QTYB","M1","BUY",4532.9,4527.9,4537.9,4544.9,"TP1","2026-06-02T14:48:00.000Z","2026-06-02T15:35:00.000Z",50,50
"M1-1780410960000-RDOM","M1","BUY",4530.7,4525.7,4535.7,4542.7,"TP1","2026-06-02T14:36:00.000Z","2026-06-02T14:47:00.000Z",50,50
"M1-1780410360000-6MTW","M1","SELL",4526.41,4531.41,4521.41,4514.41,"SL","2026-06-02T14:26:00.000Z","2026-06-02T14:35:00.000Z",-50,-50
"M1-1780410180000-B6DS","M1","SELL",4522.05,4527.05,4517.05,4510.05,"SL","2026-06-02T14:23:00.000Z","2026-06-02T14:25:00.000Z",-50,-50
"M5-1780410000000-T4SU","M5","SELL",4532.2,4540.2,4522.2,4512.2,"TP1","2026-06-02T14:20:00.000Z","2026-06-02T14:25:00.000Z",100,200
"M1-1780409880000-GSWA","M1","SELL",4524.92,4529.92,4519.92,4512.92,"TP1","2026-06-02T14:18:00.000Z","2026-06-02T14:22:00.000Z",50,50
"M1-1780409760000-NZW7","M1","SELL",4529.69,4534.69,4524.69,4517.69,"TP1","2026-06-02T14:16:00.000Z","2026-06-02T14:17:00.000Z",50,50
"M1-1780409640000-W3SJ","M1","SELL",4538.4,4543.4,4533.4,4526.4,"TP1","2026-06-02T14:14:00.000Z","2026-06-02T14:15:00.000Z",50,50
"M5-1780408800000-WQPV","M5","SELL",4535.9,4543.9,4525.9,4515.9,"TP1","2026-06-02T14:00:00.000Z","2026-06-02T14:15:00.000Z",100,200
"M1-1780409520000-9E2A","M1","SELL",4538.4,4543.4,4533.4,4526.4,"TP1","2026-06-02T14:12:00.000Z","2026-06-02T14:13:00.000Z",50,50
"M1-1780409400000-CRSO","M1","SELL",4538.4,4543.4,4533.4,4526.4,"TP1","2026-06-02T14:10:00.000Z","2026-06-02T14:11:00.000Z",50,50
"M1-1780409280000-8L0Z","M1","SELL",4538.4,4543.4,4533.4,4526.4,"TP1","2026-06-02T14:08:00.000Z","2026-06-02T14:09:00.000Z",50,50
"M1-1780409160000-EHNC","M1","SELL",4538.4,4543.4,4533.4,4526.4,"TP1","2026-06-02T14:06:00.000Z","2026-06-02T14:07:00.000Z",50,50
"M1-1780409040000-UVEC","M1","SELL",4538.4,4543.4,4533.4,4526.4,"TP1","2026-06-02T14:04:00.000Z","2026-06-02T14:05:00.000Z",50,50
"M1-1780408920000-GIQN","M1","SELL",4538.4,4543.4,4533.4,4526.4,"TP1","2026-06-02T14:02:00.000Z","2026-06-02T14:03:00.000Z",50,50
"M1-1780408800000-KTIB","M1","SELL",4538.4,4543.4,4533.4,4526.4,"TP1","2026-06-02T14:00:00.000Z","2026-06-02T14:01:00.000Z",50,50
"M1-1780408680000-LWJF","M1","SELL",4538.4,4543.4,4533.4,4526.4,"TP1","2026-06-02T13:58:00.000Z","2026-06-02T13:59:00.000Z",50,50
"M1-1780408560000-A5DM","M1","SELL",4538.4,4543.4,4533.4,4526.4,"TP1","2026-06-02T13:56:00.000Z","2026-06-02T13:57:00.000Z",50,50
"M1-1780408200000-BTDW","M1","BUY",4538.6,4533.6,4543.6,4550.6,"SL","2026-06-02T13:50:00.000Z","2026-06-02T13:55:00.000Z",-50,-50
"M5-1780406100000-66H8","M5","SELL",4542.4,4550.4,4532.4,4522.4,"TP1","2026-06-02T13:15:00.000Z","2026-06-02T13:55:00.000Z",100,200
"M1-1780408080000-OZU5","M1","SELL",4543.8,4548.8,4538.8,4531.8,"TP1","2026-06-02T13:48:00.000Z","2026-06-02T13:49:00.000Z",50,50
"M1-1780407960000-KRMA","M1","SELL",4543.8,4548.8,4538.8,4531.8,"TP1","2026-06-02T13:46:00.000Z","2026-06-02T13:47:00.000Z",50,50
"M1-1780407840000-KMZ4","M1","SELL",4543.8,4548.8,4538.8,4531.8,"TP1","2026-06-02T13:44:00.000Z","2026-06-02T13:45:00.000Z",50,50
"M1-1780407660000-65PT","M1","SELL",4543.8,4548.8,4538.8,4531.8,"TP1","2026-06-02T13:41:00.000Z","2026-06-02T13:43:00.000Z",50,50
"M1-1780407540000-ZZVR","M1","SELL",4543.8,4548.8,4538.8,4531.8,"TP1","2026-06-02T13:39:00.000Z","2026-06-02T13:40:00.000Z",50,50
"M1-1780407420000-1YU4","M1","SELL",4543.8,4548.8,4538.8,4531.8,"TP1","2026-06-02T13:37:00.000Z","2026-06-02T13:38:00.000Z",50,50
"M1-1780407300000-SGVO","M1","SELL",4543.8,4548.8,4538.8,4531.8,"TP1","2026-06-02T13:35:00.000Z","2026-06-02T13:36:00.000Z",50,50
"M1-1780407180000-9KR0","M1","SELL",4543.8,4548.8,4538.8,4531.8,"TP1","2026-06-02T13:33:00.000Z","2026-06-02T13:34:00.000Z",50,50
"M1-1780407060000-601U","M1","SELL",4543.8,4548.8,4538.8,4531.8,"TP1","2026-06-02T13:31:00.000Z","2026-06-02T13:32:00.000Z",50,50
"M1-1780406520000-6DWC","M1","SELL",4541.4,4546.4,4536.4,4529.4,"TP1","2026-06-02T13:22:00.000Z","2026-06-02T13:30:00.000Z",50,50
"M15-1780406100000-OHA4","M15","SELL",4553.6,4568.6,4538.6,4518.6,"TP1","2026-06-02T13:15:00.000Z","2026-06-02T13:30:00.000Z",150,750
"M1-1780405980000-QO0Y","M1","SELL",4544.9,4549.9,4539.9,4532.9,"TP1","2026-06-02T13:13:00.000Z","2026-06-02T13:21:00.000Z",50,50
"M1-1780405860000-FC9T","M1","SELL",4551.1,4556.1,4546.1,4539.1,"TP1","2026-06-02T13:11:00.000Z","2026-06-02T13:12:00.000Z",50,50
"M1-1780405740000-ZG4I","M1","SELL",4551.1,4556.1,4546.1,4539.1,"TP1","2026-06-02T13:09:00.000Z","2026-06-02T13:10:00.000Z",50,50
"M5-1780405500000-83E6","M5","SELL",4553,4561,4543,4533,"TP1","2026-06-02T13:05:00.000Z","2026-06-02T13:10:00.000Z",100,200
"M1-1780405500000-BSP7","M1","SELL",4551.1,4556.1,4546.1,4539.1,"TP1","2026-06-02T13:05:00.000Z","2026-06-02T13:08:00.000Z",50,50
"M1-1780405140000-93V4","M1","SELL",4544.7,4549.7,4539.7,4532.7,"SL","2026-06-02T12:59:00.000Z","2026-06-02T13:04:00.000Z",-50,-50
"M15-1780381800000-3RI0","M15","BUY",4556.4,4541.4,4571.4,4591.4,"SL","2026-06-02T06:30:00.000Z","2026-06-02T13:00:00.000Z",-150,-750
"M5-1780404900000-KWNW","M5","SELL",4553,4561,4543,4533,"TP1","2026-06-02T12:55:00.000Z","2026-06-02T13:00:00.000Z",100,200
"M1-1780404960000-ZSCY","M1","SELL",4548.7,4553.7,4543.7,4536.7,"TP1","2026-06-02T12:56:00.000Z","2026-06-02T12:58:00.000Z",50,50
"M1-1780404840000-66KM","M1","SELL",4548.7,4553.7,4543.7,4536.7,"TP1","2026-06-02T12:54:00.000Z","2026-06-02T12:55:00.000Z",50,50
"M1-1780404600000-YB5J","M1","SELL",4551.1,4556.1,4546.1,4539.1,"TP1","2026-06-02T12:50:00.000Z","2026-06-02T12:53:00.000Z",50,50
"M5-1780398000000-MOO7","M5","BUY",4556.9,4548.9,4566.9,4576.9,"SL","2026-06-02T11:00:00.000Z","2026-06-02T12:50:00.000Z",-80,-160
"M1-1780403880000-MKFC","M1","SELL",4554.69,4559.69,4549.69,4542.69,"TP1","2026-06-02T12:38:00.000Z","2026-06-02T12:49:00.000Z",50,50
"M1-1780403760000-TEOM","M1","BUY",4552,4547,4557,4564,"TP1","2026-06-02T12:36:00.000Z","2026-06-02T12:37:00.000Z",50,50
"M1-1780403460000-FCF3","M1","SELL",4558,4563,4553,4546,"SL","2026-06-02T12:31:00.000Z","2026-06-02T12:35:00.000Z",-50,-50
"M1-1780402920000-RA1I","M1","BUY",4561.34,4556.34,4566.34,4573.34,"SL","2026-06-02T12:22:00.000Z","2026-06-02T12:30:00.000Z",-50,-50
"M1-1780402560000-RB43","M1","SELL",4556.6,4561.6,4551.6,4544.6,"SL","2026-06-02T12:16:00.000Z","2026-06-02T12:21:00.000Z",-50,-50
"M1-1780402080000-JHMQ","M1","SELL",4559.4,4564.4,4554.4,4547.4,"TP1","2026-06-02T12:08:00.000Z","2026-06-02T12:15:00.000Z",50,50
"M1-1780398960000-CBYR","M1","SELL",4559.6,4564.6,4554.6,4547.6,"TP1","2026-06-02T11:16:00.000Z","2026-06-02T12:07:00.000Z",50,50
"M1-1780397880000-6GAF","M1","BUY",4562.72,4557.72,4567.72,4574.72,"SL","2026-06-02T10:58:00.000Z","2026-06-02T11:15:00.000Z",-50,-50
"M1-1780397280000-AMA1","M1","BUY",4557.6,4552.6,4562.6,4569.6,"TP1","2026-06-02T10:48:00.000Z","2026-06-02T10:57:00.000Z",50,50
"M5-1780392300000-8YD2","M5","BUY",4553,4545,4563,4573,"TP1","2026-06-02T09:25:00.000Z","2026-06-02T10:55:00.000Z",100,200
"M1-1780393920000-TZAA","M1","BUY",4556.6,4551.6,4561.6,4568.6,"TP1","2026-06-02T09:52:00.000Z","2026-06-02T10:47:00.000Z",50,50
"M1-1780392660000-58WJ","M1","SELL",4552.88,4557.88,4547.88,4540.88,"SL","2026-06-02T09:31:00.000Z","2026-06-02T09:51:00.000Z",-50,-50
"M1-1780392360000-FP4W","M1","SELL",4559.94,4564.94,4554.94,4547.94,"TP1","2026-06-02T09:26:00.000Z","2026-06-02T09:30:00.000Z",50,50
"M1-1780391700000-NOXZ","M1","BUY",4563.25,4558.25,4568.25,4575.25,"SL","2026-06-02T09:15:00.000Z","2026-06-02T09:25:00.000Z",-50,-50
"M1-1780390620000-LR8F","M1","SELL",4559,4564,4554,4547,"SL","2026-06-02T08:57:00.000Z","2026-06-02T09:14:00.000Z",-50,-50
"M5-1780391100000-3368","M5","BUY",4553,4545,4563,4573,"TP1","2026-06-02T09:05:00.000Z","2026-06-02T09:10:00.000Z",100,200
"M1-1780390140000-Y9L5","M1","SELL",4561.7,4566.7,4556.7,4549.7,"TP1","2026-06-02T08:49:00.000Z","2026-06-02T08:56:00.000Z",50,50
"M5-1780383300000-9E53","M5","BUY",4565,4557,4575,4585,"SL","2026-06-02T06:55:00.000Z","2026-06-02T08:55:00.000Z",-80,-160
"M1-1780388700000-T42H","M1","SELL",4563.32,4568.32,4558.32,4551.32,"TP1","2026-06-02T08:25:00.000Z","2026-06-02T08:48:00.000Z",50,50
"M1-1780387260000-QTE1","M1","BUY",4566.15,4561.15,4571.15,4578.15,"SL","2026-06-02T08:01:00.000Z","2026-06-02T08:23:00.000Z",-50,-50
"M1-1780386840000-OLIW","M1","SELL",4561.4,4566.4,4556.4,4549.4,"SL","2026-06-02T07:54:00.000Z","2026-06-02T08:00:00.000Z",-50,-50
"M1-1780386480000-KPGN","M1","SELL",4563.1,4568.1,4558.1,4551.1,"TP1","2026-06-02T07:48:00.000Z","2026-06-02T07:53:00.000Z",50,50
"M1-1780385340000-67BN","M1","SELL",4565.5,4570.5,4560.5,4553.5,"TP1","2026-06-02T07:29:00.000Z","2026-06-02T07:47:00.000Z",50,50
"M1-1780384260000-3LAR","M1","BUY",4569.38,4564.38,4574.38,4581.38,"SL","2026-06-02T07:11:00.000Z","2026-06-02T07:28:00.000Z",-50,-50
"M1-1780381860000-YCER","M1","BUY",4564.2,4559.2,4569.2,4576.2,"TP1","2026-06-02T06:31:00.000Z","2026-06-02T07:10:00.000Z",50,50
"M5-1780382700000-YG98","M5","BUY",4553,4545,4563,4573,"TP1","2026-06-02T06:45:00.000Z","2026-06-02T06:50:00.000Z",100,200
"M5-1780382100000-MXCV","M5","BUY",4553,4545,4563,4573,"TP1","2026-06-02T06:35:00.000Z","2026-06-02T06:40:00.000Z",100,200
"M1-1780381320000-UTMV","M1","BUY",4559.77,4554.77,4564.77,4571.77,"TP1","2026-06-02T06:22:00.000Z","2026-06-02T06:30:00.000Z",50,50
"M5-1780381500000-JGMF","M5","BUY",4553,4545,4563,4573,"TP1","2026-06-02T06:25:00.000Z","2026-06-02T06:30:00.000Z",100,200
"M1-1780380900000-5JF4","M1","SELL",4551.1,4556.1,4546.1,4539.1,"SL","2026-06-02T06:15:00.000Z","2026-06-02T06:21:00.000Z",-50,-50
"M5-1780378500000-SAZF","M5","BUY",4550.8,4542.8,4560.8,4570.8,"TP1","2026-06-02T05:35:00.000Z","2026-06-02T06:20:00.000Z",100,200
"M15-1780379100000-3B5Z","M15","BUY",4541.2,4526.2,4556.2,4576.2,"TP1","2026-06-02T05:45:00.000Z","2026-06-02T06:15:00.000Z",150,750
"M1-1780380360000-GKQX","M1","BUY",4554.2,4549.2,4559.2,4566.2,"SL","2026-06-02T06:06:00.000Z","2026-06-02T06:14:00.000Z",-50,-50
"M1-1780379760000-FX1G","M1","SELL",4547.19,4552.19,4542.19,4535.19,"SL","2026-06-02T05:56:00.000Z","2026-06-02T06:05:00.000Z",-50,-50
"M1-1780379520000-RK79","M1","SELL",4552.7,4557.7,4547.7,4540.7,"TP1","2026-06-02T05:52:00.000Z","2026-06-02T05:55:00.000Z",50,50
"M1-1780378500000-PUQ2","M1","BUY",4554.4,4549.4,4559.4,4566.4,"SL","2026-06-02T05:35:00.000Z","2026-06-02T05:51:00.000Z",-50,-50
"M1-1780378380000-JWXI","M1","BUY",4551.3,4546.3,4556.3,4563.3,"TP1","2026-06-02T05:33:00.000Z","2026-06-02T05:34:00.000Z",50,50
"M1-1780378260000-XY0E","M1","BUY",4551.3,4546.3,4556.3,4563.3,"TP1","2026-06-02T05:31:00.000Z","2026-06-02T05:32:00.000Z",50,50
"M1-1780378140000-0746","M1","BUY",4549,4544,4554,4561,"TP1","2026-06-02T05:29:00.000Z","2026-06-02T05:30:00.000Z",50,50
"M15-1780375500000-BKMG","M15","BUY",4541.2,4526.2,4556.2,4576.2,"TP1","2026-06-02T04:45:00.000Z","2026-06-02T05:30:00.000Z",150,750
"M5-1780376400000-X09V","M5","BUY",4545.49,4537.49,4555.49,4565.49,"TP1","2026-06-02T05:00:00.000Z","2026-06-02T05:30:00.000Z",100,200
"M1-1780376520000-0T1C","M1","BUY",4547.17,4542.17,4552.17,4559.17,"TP1","2026-06-02T05:02:00.000Z","2026-06-02T05:28:00.000Z",50,50
"M1-1780376340000-PGEC","M1","BUY",4543.3,4538.3,4548.3,4555.3,"TP1","2026-06-02T04:59:00.000Z","2026-06-02T05:01:00.000Z",50,50
"M1-1780375620000-42FL","M1","BUY",4541.5,4536.5,4546.5,4553.5,"TP1","2026-06-02T04:47:00.000Z","2026-06-02T04:58:00.000Z",50,50
"M5-1780375200000-BEHP","M5","BUY",4536.5,4528.5,4546.5,4556.5,"TP1","2026-06-02T04:40:00.000Z","2026-06-02T04:55:00.000Z",100,200
"M1-1780373940000-9Q9P","M1","BUY",4537.87,4532.87,4542.87,4549.87,"TP1","2026-06-02T04:19:00.000Z","2026-06-02T04:46:00.000Z",50,50
"M5-1780373700000-98U8","M5","BUY",4529.6,4521.6,4539.6,4549.6,"TP1","2026-06-02T04:15:00.000Z","2026-06-02T04:35:00.000Z",100,200
"M15-1780373700000-H455","M15","BUY",4515.5,4500.5,4530.5,4550.5,"TP1","2026-06-02T04:15:00.000Z","2026-06-02T04:30:00.000Z",150,750
"M1-1780373520000-TPSO","M1","BUY",4533.98,4528.98,4538.98,4545.98,"TP1","2026-06-02T04:12:00.000Z","2026-06-02T04:18:00.000Z",50,50
"M1-1780372920000-VBQ8","M1","BUY",4529.9,4524.9,4534.9,4541.9,"TP1","2026-06-02T04:02:00.000Z","2026-06-02T04:11:00.000Z",50,50
"M5-1780370700000-DZVT","M5","BUY",4524.4,4516.4,4534.4,4544.4,"TP1","2026-06-02T03:25:00.000Z","2026-06-02T04:10:00.000Z",100,200
"M1-1780371120000-6NEF","M1","BUY",4526.97,4521.97,4531.97,4538.97,"TP1","2026-06-02T03:32:00.000Z","2026-06-02T04:01:00.000Z",50,50
"M15-1780369200000-AVW9","M15","BUY",4515.5,4500.5,4530.5,4550.5,"TP1","2026-06-02T03:00:00.000Z","2026-06-02T04:00:00.000Z",150,750
"M1-1780370820000-2YKU","M1","BUY",4523.07,4518.07,4528.07,4535.07,"TP1","2026-06-02T03:27:00.000Z","2026-06-02T03:31:00.000Z",50,50
"M1-1780369800000-YYRR","M1","BUY",4516.46,4511.46,4521.46,4528.46,"TP1","2026-06-02T03:10:00.000Z","2026-06-02T03:26:00.000Z",50,50
"M5-1780370100000-BDTV","M5","BUY",4507.8,4499.8,4517.8,4527.8,"TP1","2026-06-02T03:15:00.000Z","2026-06-02T03:20:00.000Z",100,200
"M5-1780369500000-FRA0","M5","BUY",4507.8,4499.8,4517.8,4527.8,"TP1","2026-06-02T03:05:00.000Z","2026-06-02T03:10:00.000Z",100,200
"M1-1780369260000-OBG5","M1","BUY",4521.04,4516.04,4526.04,4533.04,"SL","2026-06-02T03:01:00.000Z","2026-06-02T03:09:00.000Z",-50,-50
"M1-1780369140000-QOL2","M1","BUY",4515.79,4510.79,4520.79,4527.79,"TP1","2026-06-02T02:59:00.000Z","2026-06-02T03:00:00.000Z",50,50
"M5-1780368900000-JUU4","M5","BUY",4507.8,4499.8,4517.8,4527.8,"TP1","2026-06-02T02:55:00.000Z","2026-06-02T03:00:00.000Z",100,200
"M1-1780368060000-R76X","M1","SELL",4507.86,4512.86,4502.86,4495.86,"SL","2026-06-02T02:41:00.000Z","2026-06-02T02:58:00.000Z",-50,-50
"M5-1780368300000-0Q5F","M5","SELL",4516,4524,4506,4496,"TP1","2026-06-02T02:45:00.000Z","2026-06-02T02:50:00.000Z",100,200
"M15-1780365600000-IA9P","M15","SELL",4501,4516,4486,4466,"SL","2026-06-02T02:00:00.000Z","2026-06-02T02:45:00.000Z",-150,-750
"M1-1780367040000-ZT77","M1","BUY",4513.25,4508.25,4518.25,4525.25,"SL","2026-06-02T02:24:00.000Z","2026-06-02T02:40:00.000Z",-50,-50
"M5-1780366200000-JHV6","M5","SELL",4516,4524,4506,4496,"TP1","2026-06-02T02:10:00.000Z","2026-06-02T02:40:00.000Z",100,200
"M1-1780366560000-3SZ3","M1","BUY",4508.96,4503.96,4513.96,4520.96,"TP1","2026-06-02T02:16:00.000Z","2026-06-02T02:23:00.000Z",50,50
"M1-1780365900000-R8UW","M1","SELL",4506.3,4511.3,4501.3,4494.3,"SL","2026-06-02T02:05:00.000Z","2026-06-02T02:15:00.000Z",-50,-50
"M5-1780365600000-206A","M5","SELL",4516,4524,4506,4496,"TP1","2026-06-02T02:00:00.000Z","2026-06-02T02:05:00.000Z",100,200
"M1-1780365660000-19AE","M1","SELL",4508.9,4513.9,4503.9,4496.9,"TP1","2026-06-02T02:01:00.000Z","2026-06-02T02:04:00.000Z",50,50
"M1-1780365540000-EY7Q","M1","SELL",4508.9,4513.9,4503.9,4496.9,"TP1","2026-06-02T01:59:00.000Z","2026-06-02T02:00:00.000Z",50,50
"M5-1780365000000-HKVU","M5","SELL",4516,4524,4506,4496,"TP1","2026-06-02T01:50:00.000Z","2026-06-02T01:55:00.000Z",100,200
"M15-1780362000000-K49H","M15","BUY",4515,4500,4530,4550,"SL","2026-06-02T01:00:00.000Z","2026-06-02T01:45:00.000Z",-150,-750
"M5-1780362300000-VSA6","M5","SELL",4518.2,4526.2,4508.2,4498.2,"TP1","2026-06-02T01:05:00.000Z","2026-06-02T01:45:00.000Z",100,200
"M5-1780360200000-SXXD","M5","BUY",4518.22,4510.22,4528.22,4538.22,"SL","2026-06-02T00:30:00.000Z","2026-06-02T01:00:00.000Z",-80,-160
"M15-1780343100000-S7TV","M15","SELL",4510.6,4525.6,4495.6,4475.6,"SL","2026-06-01T19:45:00.000Z","2026-06-02T00:30:00.000Z",-150,-750
"M5-1780343700000-LV6M","M5","SELL",4512.6,4520.6,4502.6,4492.6,"SL","2026-06-01T19:55:00.000Z","2026-06-02T00:25:00.000Z",-80,-160
"M5-1780335900000-ZN3C","M5","BUY",4520.34,4512.34,4530.34,4540.34,"SL","2026-06-01T17:45:00.000Z","2026-06-01T19:50:00.000Z",-80,-160
"M15-1780335900000-B0IC","M15","SELL",4527.8,4542.8,4512.8,4492.8,"TP1","2026-06-01T17:45:00.000Z","2026-06-01T19:30:00.000Z",150,750
"M5-1780335000000-GNO2","M5","BUY",4506.9,4498.9,4516.9,4526.9,"TP1","2026-06-01T17:30:00.000Z","2026-06-01T17:40:00.000Z",100,200
"M15-1780330500000-YLCH","M15","SELL",4498.8,4513.8,4483.8,4463.8,"SL","2026-06-01T16:15:00.000Z","2026-06-01T17:30:00.000Z",-150,-750
"M5-1780333800000-DAA2","M5","BUY",4500.1,4492.1,4510.1,4520.1,"TP1","2026-06-01T17:10:00.000Z","2026-06-01T17:25:00.000Z",100,200
"M5-1780332900000-CEKG","M5","BUY",4500.1,4492.1,4510.1,4520.1,"TP1","2026-06-01T16:55:00.000Z","2026-06-01T17:00:00.000Z",100,200
"M5-1780332000000-U04F","M5","SELL",4501.3,4509.3,4491.3,4481.3,"SL","2026-06-01T16:40:00.000Z","2026-06-01T16:50:00.000Z",-80,-160
"M5-1780327800000-MNJI","M5","BUY",4505.86,4497.86,4515.86,4525.86,"SL","2026-06-01T15:30:00.000Z","2026-06-01T16:10:00.000Z",-80,-160
"M15-1780328700000-JYRX","M15","SELL",4488,4503,4473,4453,"SL","2026-06-01T15:45:00.000Z","2026-06-01T16:00:00.000Z",-150,-750
"M15-1780322400000-ROC2","M15","SELL",4488,4503,4473,4453,"SL","2026-06-01T14:00:00.000Z","2026-06-01T15:30:00.000Z",-150,-750
"M5-1780326600000-CD6H","M5","SELL",4491.2,4499.2,4481.2,4471.2,"SL","2026-06-01T15:10:00.000Z","2026-06-01T15:25:00.000Z",-80,-160
"M5-1780324200000-USGT","M5","SELL",4485.6,4493.6,4475.6,4465.6,"SL","2026-06-01T14:30:00.000Z","2026-06-01T15:05:00.000Z",-80,-160
"M5-1780322700000-43CL","M5","SELL",4491.2,4499.2,4481.2,4471.2,"TP1","2026-06-01T14:05:00.000Z","2026-06-01T14:25:00.000Z",100,200
"M5-1780322100000-I4MK","M5","SELL",4491.2,4499.2,4481.2,4471.2,"TP1","2026-06-01T13:55:00.000Z","2026-06-01T14:00:00.000Z",100,200
"M5-1780321200000-5ZTD","M5","SELL",4498.73,4506.73,4488.73,4478.73,"TP1","2026-06-01T13:40:00.000Z","2026-06-01T13:50:00.000Z",100,200
"M15-1780319700000-7B1O","M15","SELL",4496.6,4511.6,4481.6,4461.6,"TP1","2026-06-01T13:15:00.000Z","2026-06-01T13:45:00.000Z",150,750
"M5-1780320300000-Y9UV","M5","SELL",4496.28,4504.28,4486.28,4476.28,"SL","2026-06-01T13:25:00.000Z","2026-06-01T13:35:00.000Z",-80,-160
"M5-1780319700000-HNZ5","M5","SELL",4529.1,4537.1,4519.1,4509.1,"TP2","2026-06-01T13:15:00.000Z","2026-06-01T13:20:00.000Z",200,400
"M5-1780319100000-283D","M5","SELL",4529.1,4537.1,4519.1,4509.1,"TP2","2026-06-01T13:05:00.000Z","2026-06-01T13:10:00.000Z",200,400
"M15-1780310700000-3XFF","M15","SELL",4530.8,4545.8,4515.8,4495.8,"TP1","2026-06-01T10:45:00.000Z","2026-06-01T13:00:00.000Z",150,750
"M5-1780313100000-9SJY","M5","BUY",4535.4,4527.4,4545.4,4555.4,"SL","2026-06-01T11:25:00.000Z","2026-06-01T13:00:00.000Z",-80,-160
"M5-1780311000000-KXK7","M5","BUY",4530.5,4522.5,4540.5,4550.5,"TP1","2026-06-01T10:50:00.000Z","2026-06-01T11:20:00.000Z",100,200
"M5-1780310400000-UC1Q","M5","BUY",4530.5,4522.5,4540.5,4550.5,"TP1","2026-06-01T10:40:00.000Z","2026-06-01T10:45:00.000Z",100,200
"M5-1780306500000-YWOP","M5","SELL",4527.8,4535.8,4517.8,4507.8,"SL","2026-06-01T09:35:00.000Z","2026-06-01T10:35:00.000Z",-80,-160
"M15-1780302600000-GQG1","M15","SELL",4522.1,4537.1,4507.1,4487.1,"SL","2026-06-01T08:30:00.000Z","2026-06-01T10:30:00.000Z",-150,-750
"M5-1780305600000-TLTR","M5","SELL",4530.29,4538.29,4520.29,4510.29,"TP1","2026-06-01T09:20:00.000Z","2026-06-01T09:30:00.000Z",100,200
"M5-1780300200000-WHUD","M5","SELL",4526.54,4534.54,4516.54,4506.54,"SL","2026-06-01T07:50:00.000Z","2026-06-01T09:15:00.000Z",-80,-160
"H1-1780070400000-S3GY","H1","BUY",4569.3,4519.3,4649.3,4749.3,"SL","2026-05-29T16:00:00.000Z","2026-06-01T09:00:00.000Z",-500,-5000
"M15-1780297200000-RFU3","M15","SELL",4535,4550,4520,4500,"TP1","2026-06-01T07:00:00.000Z","2026-06-01T08:15:00.000Z",150,750
"M5-1780295700000-8UME","M5","SELL",4536.06,4544.06,4526.06,4516.06,"TP1","2026-06-01T06:35:00.000Z","2026-06-01T07:45:00.000Z",100,200
"M15-1780290000000-N530","M15","SELL",4545.5,4560.5,4530.5,4510.5,"TP1","2026-06-01T05:00:00.000Z","2026-06-01T06:45:00.000Z",150,750
"M5-1780295100000-LPRD","M5","SELL",4550.7,4558.7,4540.7,4530.7,"TP1","2026-06-01T06:25:00.000Z","2026-06-01T06:30:00.000Z",100,200
"M5-1780294500000-VYUH","M5","SELL",4550.7,4558.7,4540.7,4530.7,"TP1","2026-06-01T06:15:00.000Z","2026-06-01T06:20:00.000Z",100,200
"M5-1780293000000-AMW5","M5","BUY",4551.3,4543.3,4561.3,4571.3,"SL","2026-06-01T05:50:00.000Z","2026-06-01T06:10:00.000Z",-80,-160
"M5-1780289400000-KDB2","M5","SELL",4546.4,4554.4,4536.4,4526.4,"SL","2026-06-01T04:50:00.000Z","2026-06-01T05:45:00.000Z",-80,-160
"M15-1780282800000-O4B0","M15","SELL",4555.1,4570.1,4540.1,4520.1,"TP1","2026-06-01T03:00:00.000Z","2026-06-01T04:45:00.000Z",150,750
"M5-1780285500000-JW60","M5","SELL",4550.7,4558.7,4540.7,4530.7,"TP1","2026-06-01T03:45:00.000Z","2026-06-01T04:45:00.000Z",100,200
"M5-1780283400000-N3TG","M5","SELL",4551.7,4559.7,4541.7,4531.7,"TP1","2026-06-01T03:10:00.000Z","2026-06-01T03:40:00.000Z",100,200
"M5-1780277700000-5HMK","M5","SELL",4560.8,4568.8,4550.8,4540.8,"TP1","2026-06-01T01:35:00.000Z","2026-06-01T03:05:00.000Z",100,200
"M15-1780264800000-BRO5","M15","SELL",4567.44,4582.44,4552.44,4532.44,"TP1","2026-05-31T22:00:00.000Z","2026-06-01T02:45:00.000Z",150,750
"M5-1780276200000-B9NO","M5","SELL",4568,4576,4558,4548,"TP1","2026-06-01T01:10:00.000Z","2026-06-01T01:30:00.000Z",100,200
"M5-1780270200000-6TV1","M5","SELL",4570.47,4578.47,4560.47,4550.47,"TP1","2026-05-31T23:30:00.000Z","2026-06-01T01:05:00.000Z",100,200
"M5-1780265400000-N05Y","M5","SELL",4566.96,4574.96,4556.96,4546.96,"SL","2026-05-31T22:10:00.000Z","2026-05-31T23:25:00.000Z",-80,-160
"M5-1780084800000-A5KF","M5","SELL",4576.56,4584.56,4566.56,4556.56,"SL","2026-05-29T20:00:00.000Z","2026-05-29T20:55:00.000Z",-80,-160
"M15-1780079400000-C4LD","M15","BUY",4588.5,4573.5,4603.5,4623.5,"SL","2026-05-29T18:30:00.000Z","2026-05-29T20:30:00.000Z",-150,-750
"M5-1780080600000-8XQJ","M5","SELL",4586.28,4594.28,4576.28,4566.28,"TP1","2026-05-29T18:50:00.000Z","2026-05-29T19:55:00.000Z",100,200
"M5-1780077900000-55X2","M5","BUY",4590.8,4582.8,4600.8,4610.8,"SL","2026-05-29T18:05:00.000Z","2026-05-29T18:45:00.000Z",-80,-160
"M15-1780076700000-RGHG","M15","BUY",4576.3,4561.3,4591.3,4611.3,"TP1","2026-05-29T17:45:00.000Z","2026-05-29T18:15:00.000Z",150,750
"M5-1780077300000-PLS3","M5","SELL",4594.4,4602.4,4584.4,4574.4,"TP1","2026-05-29T17:55:00.000Z","2026-05-29T18:00:00.000Z",100,200
"M5-1780076700000-P74H","M5","SELL",4594.4,4602.4,4584.4,4574.4,"TP1","2026-05-29T17:45:00.000Z","2026-05-29T17:50:00.000Z",100,200
"M5-1780072200000-B9F6","M5","BUY",4595.9,4587.9,4605.9,4615.9,"SL","2026-05-29T16:30:00.000Z","2026-05-29T17:40:00.000Z",-80,-160
"M15-1780073100000-QAQ8","M15","BUY",4599,4584,4614,4634,"SL","2026-05-29T16:45:00.000Z","2026-05-29T17:30:00.000Z",-150,-750
"M15-1780071300000-MXAL","M15","BUY",4614.7,4599.7,4629.7,4649.7,"SL","2026-05-29T16:15:00.000Z","2026-05-29T16:30:00.000Z",-150,-750
"M5-1780071300000-PVZ5","M5","BUY",4600.4,4592.4,4610.4,4620.4,"SL","2026-05-29T16:15:00.000Z","2026-05-29T16:25:00.000Z",-80,-160
"M5-1780070100000-LKBJ","M5","BUY",4600.4,4592.4,4610.4,4620.4,"SL","2026-05-29T15:55:00.000Z","2026-05-29T16:10:00.000Z",-80,-160
"M5-1780069500000-NJRT","M5","BUY",4572.1,4564.1,4582.1,4592.1,"TP2","2026-05-29T15:45:00.000Z","2026-05-29T15:50:00.000Z",200,400
"M5-1780068600000-AQ7Z","M5","BUY",4607.29,4599.29,4617.29,4627.29,"SL","2026-05-29T15:30:00.000Z","2026-05-29T15:40:00.000Z",-80,-160
"M5-1780067100000-Q6Y6","M5","BUY",4617.22,4609.22,4627.22,4637.22,"SL","2026-05-29T15:05:00.000Z","2026-05-29T15:25:00.000Z",-80,-160
"H1-1780020000000-RAAY","H1","BUY",4531.5,4481.5,4611.5,4711.5,"TP1","2026-05-29T02:00:00.000Z","2026-05-29T15:00:00.000Z",800,8000
"M5-1780066500000-4S3I","M5","BUY",4572.1,4564.1,4582.1,4592.1,"TP2","2026-05-29T14:55:00.000Z","2026-05-29T15:00:00.000Z",200,400
"M5-1780065900000-OT95","M5","BUY",4567.7,4559.7,4577.7,4587.7,"TP2","2026-05-29T14:45:00.000Z","2026-05-29T14:50:00.000Z",200,400
"M5-1780064700000-4QO9","M5","BUY",4562.9,4554.9,4572.9,4582.9,"TP1","2026-05-29T14:25:00.000Z","2026-05-29T14:40:00.000Z",100,200
"M5-1780064100000-KC90","M5","BUY",4571,4563,4581,4591,"SL","2026-05-29T14:15:00.000Z","2026-05-29T14:20:00.000Z",-80,-160
"M5-1780063500000-743F","M5","BUY",4571,4563,4581,4591,"TP1","2026-05-29T14:05:00.000Z","2026-05-29T14:10:00.000Z",100,200
"M5-1780062600000-HJZI","M5","BUY",4562.9,4554.9,4572.9,4582.9,"TP1","2026-05-29T13:50:00.000Z","2026-05-29T14:00:00.000Z",100,200
"M5-1780059900000-YN42","M5","SELL",4558.2,4566.2,4548.2,4538.2,"SL","2026-05-29T13:05:00.000Z","2026-05-29T13:45:00.000Z",-80,-160
"M5-1780059300000-OSB3","M5","SELL",4558.2,4566.2,4548.2,4538.2,"TP1","2026-05-29T12:55:00.000Z","2026-05-29T13:00:00.000Z",100,200
"M5-1780058700000-66SN","M5","SELL",4558.2,4566.2,4548.2,4538.2,"TP1","2026-05-29T12:45:00.000Z","2026-05-29T12:50:00.000Z",100,200
"M5-1780058100000-G4N4","M5","SELL",4558.2,4566.2,4548.2,4538.2,"TP1","2026-05-29T12:35:00.000Z","2026-05-29T12:40:00.000Z",100,200
"M5-1780057500000-A6F6","M5","SELL",4558.2,4566.2,4548.2,4538.2,"TP1","2026-05-29T12:25:00.000Z","2026-05-29T12:30:00.000Z",100,200
"M5-1780056000000-L10E","M5","BUY",4564.7,4556.7,4574.7,4584.7,"SL","2026-05-29T12:00:00.000Z","2026-05-29T12:20:00.000Z",-80,-160
"M5-1780053000000-MBNI","M5","BUY",4559,4551,4569,4579,"TP1","2026-05-29T11:10:00.000Z","2026-05-29T11:55:00.000Z",100,200
"M5-1780050900000-VDRY","M5","BUY",4571.7,4563.7,4581.7,4591.7,"SL","2026-05-29T10:35:00.000Z","2026-05-29T11:05:00.000Z",-80,-160
"M5-1780048200000-D7YX","M5","BUY",4559,4551,4569,4579,"TP1","2026-05-29T09:50:00.000Z","2026-05-29T10:30:00.000Z",100,200
"M5-1780046100000-8EMY","M5","BUY",4557.74,4549.74,4567.74,4577.74,"TP1","2026-05-29T09:15:00.000Z","2026-05-29T09:45:00.000Z",100,200
"M5-1780041900000-HMZF","M5","BUY",4546.4,4538.4,4556.4,4566.4,"TP1","2026-05-29T08:05:00.000Z","2026-05-29T09:10:00.000Z",100,200
"H1-1779980400000-G0YT","H1","BUY",4469.4,4419.4,4549.4,4649.4,"TP1","2026-05-28T15:00:00.000Z","2026-05-29T01:00:00.000Z",800,8000
"H1-1779890400000-27PY","H1","SELL",4457.3,4507.3,4377.3,4277.3,"SL","2026-05-27T14:00:00.000Z","2026-05-28T14:00:00.000Z",-500,-5000
"H1-1779199200000-UH0X","H1","SELL",4530.3,4580.3,4450.3,4350.3,"TP1","2026-05-19T14:00:00.000Z","2026-05-27T13:00:00.000Z",800,8000
"H1-1778853600000-MZ48","H1","SELL",4548,4598,4468,4368,"TP1","2026-05-15T14:00:00.000Z","2026-05-19T13:00:00.000Z",800,8000
"H1-1778824800000-KLIJ","H1","SELL",4613.5,4663.5,4533.5,4433.5,"TP1","2026-05-15T06:00:00.000Z","2026-05-15T13:00:00.000Z",800,8000
"H1-1778806800000-0HOJ","H1","SELL",4651,4701,4571,4471,"TP1","2026-05-15T01:00:00.000Z","2026-05-15T05:00:00.000Z",800,8000
"H1-1778572800000-JERO","H1","SELL",4717.5,4767.5,4637.5,4537.5,"TP1","2026-05-12T08:00:00.000Z","2026-05-15T00:00:00.000Z",800,8000
"H1-1778540400000-FMYS","H1","BUY",4743.2,4693.2,4823.2,4923.2,"SL","2026-05-11T23:00:00.000Z","2026-05-12T07:00:00.000Z",-500,-5000
"H1-1778508000000-FWVF","H1","BUY",4678.4,4628.4,4758.4,4858.4,"TP1","2026-05-11T14:00:00.000Z","2026-05-11T22:00:00.000Z",800,8000
"H1-1778479200000-JG31","H1","SELL",4683.5,4733.5,4603.5,4503.5,"SL","2026-05-11T06:00:00.000Z","2026-05-11T13:00:00.000Z",-500,-5000
"H1-1778058000000-O8Z8","H1","BUY",4709.47,4659.47,4789.47,4889.47,"SL","2026-05-06T09:00:00.000Z","2026-05-11T05:00:00.000Z",-500,-5000
"H1-1778029200000-SL8Q","H1","BUY",4632.62,4582.62,4712.62,4812.62,"TP1","2026-05-06T01:00:00.000Z","2026-05-06T08:00:00.000Z",800,8000
"D1-1775016000000-N7TC","D1","SELL",5137.6,5387.6,4787.6,4337.6,"TP1","2026-04-01T04:00:00.000Z","2026-04-02T04:00:00.000Z",3500,70000
"D1-1774324800000-AGFG","D1","SELL",4426.45,4676.45,4076.45,3626.45,"SL","2026-03-24T04:00:00.000Z","2026-03-31T04:00:00.000Z",-2500,-50000
"D1-1773979200000-M5YL","D1","SELL",4594.76,4844.76,4244.76,3794.76,"TP1","2026-03-20T04:00:00.000Z","2026-03-23T04:00:00.000Z",3500,70000
"D1-1772514000000-E40O","D1","BUY",5014.7,4764.7,5364.7,5814.7,"SL","2026-03-03T05:00:00.000Z","2026-03-19T04:00:00.000Z",-2500,-50000
"D1-1771909200000-07PC","D1","BUY",5014.7,4764.7,5364.7,5814.7,"TP1","2026-02-24T05:00:00.000Z","2026-03-02T05:00:00.000Z",3500,70000
"D1-1770181200000-AUCL","D1","BUY",4855.8,4605.8,5205.8,5655.8,"TP1","2026-02-04T05:00:00.000Z","2026-02-23T05:00:00.000Z",3500,70000
"D1-1770008400000-WDCN","D1","BUY",4608,4358,4958,5408,"TP1","2026-02-02T05:00:00.000Z","2026-02-03T05:00:00.000Z",3500,70000
"D1-1769662800000-9AJD","D1","BUY",5295.56,5045.56,5645.56,6095.56,"SL","2026-01-29T05:00:00.000Z","2026-01-30T05:00:00.000Z",-2500,-50000
"D1-1768971600000-2UA4","D1","BUY",4818.14,4568.14,5168.14,5618.14,"TP1","2026-01-21T05:00:00.000Z","2026-01-28T05:00:00.000Z",3500,70000
"D1-1766466000000-ORV0","D1","BUY",4349.2,4099.2,4699.2,5149.2,"TP1","2025-12-23T05:00:00.000Z","2026-01-20T05:00:00.000Z",3500,70000
"D1-1760673600000-0NNN","D1","BUY",4046.2,3796.2,4396.2,4846.2,"TP1","2025-10-17T04:00:00.000Z","2025-12-22T05:00:00.000Z",3500,70000
"D1-1759982400000-88QL","D1","BUY",3888.6,3638.6,4238.6,4688.6,"TP1","2025-10-09T04:00:00.000Z","2025-10-16T04:00:00.000Z",3500,70000
"D1-1757476800000-J70T","D1","BUY",3635.66,3385.66,3985.66,4435.66,"TP1","2025-09-10T04:00:00.000Z","2025-10-08T04:00:00.000Z",3500,70000
"D1-1754971200000-7V3W","D1","SELL",3402.5,3652.5,3052.5,2602.5,"SL","2025-08-12T04:00:00.000Z","2025-09-09T04:00:00.000Z",-2500,-50000
